question_id,genre_id,question,option1,option2,option3,option4,answer,explanation
1,1,"태양계에서 가장 큰 행성은?",지구,토성,목성,해왕성,목성,"목성은 태양계에서 가장 큰 행성으로, 직경이 약 143,000km에 달합니다."
2,1,"빛이 진공에서 1초 동안 진행하는 거리는?","약 30만 km","약 15만 km","약 10만 km","약 50만 km","약 30만 km","빛의 속도는 약 299,792km/s로, 흔히 약 30만 km/s로 간주됩니다."
3,1,"DNA의 이중 나선 구조를 발견한 과학자는?","왓슨과 크릭",멘델,다윈,파스퇴르,"왓슨과 크릭","제임스 왓슨과 프랜시스 크릭은 1953년 DNA의 이중 나선 구조를 밝혀냈습니다."
4,1,"일반적으로 가장 가벼운 원소는?",헬륨,수소,리튬,산소,수소,"수소는 원자번호 1번으로, 가장 가벼운 원소입니다."
5,1,"대기의 주요 구성 성분 중 가장 많은 것은?",산소,이산화탄소,질소,아르곤,질소,"지구 대기의 약 78%는 질소로 구성되어 있습니다."
6,1,"일반적으로 사람의 정상 체온은 몇 도인가?",35도,36.5도,37.5도,38도,36.5도,"사람의 정상 체온은 평균적으로 약 36.5~37도입니다."
7,1,"뉴턴의 운동 법칙 중 "작용 반작용 법칙"은 몇 번째 법칙인가?",제1법칙,제2법칙,제3법칙,"해당 없음",제3법칙,"작용 반작용 법칙은 뉴턴의 제3법칙으로, "모든 작용에는 크기가 같고 방향이 반대인 반작용이 존재한다"는 내용입니다."
8,1,"우주에서 가장 흔한 원소는?",산소,탄소,수소,헬륨,수소,"수소는 우주 질량의 약 75%를 차지하는 가장 풍부한 원소입니다."
9,1,"지구 자전의 주된 원인은?","달의 인력","태양의 중력","원시 행성 형성 과정","대기 순환","원시 행성 형성 과정","지구의 자전은 태양계 형성 초기의 회전 운동이 유지되면서 발생했습니다."
10,1,"화학에서 원자의 중심에는 무엇이 있는가?",전자,중성자,"양성자와 중성자",쿼크,"양성자와 중성자","원자의 중심에는 양성자와 중성자로 이루어진 원자핵이 존재합니다."
11,1,"우리 눈이 색을 구별할 수 있는 이유는?",막대세포,원뿔세포,시신경,망막,원뿔세포,"원뿔세포는 빛의 파장을 감지해 색을 구별할 수 있도록 도와줍니다."
12,1,"소리의 속도가 가장 빠른 매질은?",공기,물,철,진공,철,"소리는 밀도가 높은 매질에서 더 빠르게 전달되며, 철에서 가장 빠르게 전파됩니다."
13,1,"지구의 내부 구조 중 가장 바깥층은?",내핵,맨틀,외핵,지각,지각,"지각은 지구의 가장 바깥층을 이루며, 상대적으로 얇은 층입니다."
14,1,"화성의 대기의 주요 성분은?",산소,질소,이산화탄소,수소,이산화탄소,"화성의 대기는 약 95%가 이산화탄소로 이루어져 있습니다."
15,1,"뉴턴의 운동 제2법칙의 공식은?","F = ma","E = mc^2","V = IR","P = mv","F = ma","뉴턴의 운동 제2법칙은 힘(F)은 질량(m)과 가속도(a)의 곱으로 표현됩니다."
16,1,"원자의 전자가 특정한 에너지를 흡수하면?",이온화된다,"기저 상태로 간다","들뜬 상태가 된다","질량이 증가한다","들뜬 상태가 된다","전자가 에너지를 흡수하면 높은 에너지 준위로 이동하여 들뜬 상태가 됩니다."
17,1,"지구에서 달이 완전히 가려지는 현상은?",개기월식,개기일식,부분월식,반영식,개기월식,"개기월식은 달이 완전히 지구의 그림자에 들어가 붉게 보이는 현상입니다."
18,1,"전기를 잘 전달하는 물질을 무엇이라 하는가?",부도체,반도체,도체,초전도체,도체,"전기를 잘 전달하는 물질을 도체라고 하며, 구리나 금이 대표적인 예입니다."
19,1,"대기 중 오존층은 어떤 층에 존재하는가?",대류권,성층권,중간권,열권,성층권,"오존층은 성층권에 위치하며, 태양의 자외선을 차단하는 역할을 합니다."
20,1,"지구의 자전 방향은?","동에서 서","서에서 동","남에서 북","북에서 남","서에서 동","지구는 서에서 동으로 자전하며, 이로 인해 태양이 동쪽에서 떠오르게 보입니다."
21,1,"태양에서 일어나는 핵융합 반응의 주요 연료는?",수소,헬륨,탄소,산소,수소,"태양은 수소 핵융합 반응을 통해 에너지를 방출하며, 헬륨이 생성됩니다."
22,1,"우리가 숨 쉬는 공기에서 가장 많은 기체는?",산소,질소,이산화탄소,아르곤,질소,"지구 대기의 약 78%는 질소로 구성되어 있습니다."
23,1,"빛이 공기에서 물로 들어갈 때 어떻게 변하는가?","빠르게 이동","느려지면서 굴절됨","속도가 일정",산란됨,"느려지면서 굴절됨","빛은 밀도가 높은 물질로 들어가면 속도가 감소하고 굴절됩니다."
24,1,"소리의 크기를 나타내는 단위는?",헤르츠(Hz),데시벨(dB),뉴턴(N),볼트(V),데시벨(dB),"소리의 크기는 데시벨(dB) 단위로 측정됩니다."
25,1,"고체에서 액체로 변하는 현상은?",응고,기화,융해,승화,융해,"고체가 열을 흡수하여 액체로 변하는 과정은 융해라고 합니다."
26,1,"지구의 중력가속도는 약 몇 m/s²인가?",9.8,5.5,15.2,20.1,9.8,"지구 표면에서 중력가속도는 약 9.8m/s²입니다."
27,1,"전자기파 중 가시광선보다 파장이 긴 것은?",자외선,엑스선,감마선,적외선,적외선,"적외선은 가시광선보다 파장이 길고, 열을 전달하는 데 중요한 역할을 합니다."
28,1,"우주에서 무중력 상태가 발생하는 이유는?","공기가 없어서","중력이 약해서","자유 낙하 중이라서","태양풍 때문","자유 낙하 중이라서","우주에서의 무중력 상태는 사실 중력이 없는 것이 아니라, 모든 물체가 같은 속도로 자유 낙하하기 때문입니다."
29,1,"바닷물이 염분을 포함하는 이유는?","화산 활동","지구의 중력","강물에서 녹아 나온 광물","태양 복사열","강물에서 녹아 나온 광물","강물이 암석에서 미네랄을 녹여 바다로 흘러 들어가면서 염분이 축적됩니다."
30,1,"태풍의 중심 부분을 무엇이라 하는가?","태풍의 눈","태풍의 벽","태풍의 중심","태풍의 원","태풍의 눈","태풍의 눈은 바람이 비교적 약하고, 날씨가 일시적으로 맑은 영역입니다."
31,1,"빛의 삼원색이 아닌 것은?",빨강,파랑,초록,노랑,노랑,"빛의 삼원색은 빨강(R), 초록(G), 파랑(B)이며, 노랑은 혼합된 색입니다."
32,1,"지구의 맨틀을 이루는 주요 성분은?","규산염 광물","철과 니켈","산소와 수소",이산화탄소,"규산염 광물","맨틀은 규산염 광물로 구성되어 있으며, 지구 부피의 대부분을 차지합니다."
33,1,"사람의 혈액에서 산소를 운반하는 단백질은?",알부민,글로불린,헤모글로빈,피브린,헤모글로빈,"헤모글로빈은 산소와 결합하여 몸 전체로 산소를 운반합니다."
34,1,"물의 표면 장력이 높은 이유는?","수소 결합","이온 결합","반데르발스 힘","코발렌트 결합","수소 결합","수소 결합이 물 분자 간에 강한 인력을 형성하여 표면 장력이 높아집니다."
35,1,"태양계에서 가장 큰 행성은?",지구,화성,목성,토성,목성,"목성은 태양계에서 가장 큰 행성이며, 지구보다 약 1,300배 크기입니다."
36,1,"빛이 프리즘을 통과할 때 발생하는 현상은?",반사,굴절,분산,간섭,분산,"빛이 프리즘을 통과하면 파장에 따라 굴절률이 달라지며, 분산되어 여러 색으로 보입니다."
37,1,"식물이 광합성을 할 때 필요한 기체는?",산소,이산화탄소,질소,메탄,이산화탄소,"광합성 과정에서 식물은 이산화탄소를 흡수하고 산소를 방출합니다."
38,1,"지구 대기의 가장 아래층을 무엇이라 하는가?",성층권,중간권,대류권,열권,대류권,"대류권은 지표면과 가장 가까운 층으로, 날씨 변화가 일어나는 곳입니다."
39,1,"DNA의 구성 요소가 아닌 것은?",당,인산,염기,단백질,단백질,"DNA는 당, 인산, 염기로 구성되며, 단백질은 DNA를 구성하지 않습니다."
40,1,"빛의 속도는 약 몇 km/s인가?",300,"3,000","30,000","300,000","300,000","빛의 속도는 약 300,000km/s로, 우주에서 가장 빠른 속도를 가집니다."
41,1,"핵분열을 이용하는 에너지원은?",태양광,풍력,원자력,수력,원자력,"원자력 발전은 우라늄 등의 원소가 핵분열할 때 방출되는 에너지를 이용합니다."
42,1,"인체에서 가장 큰 장기는?",간,폐,소장,심장,간,"간은 인체에서 가장 큰 장기로, 해독과 단백질 합성 등의 기능을 합니다."
43,1,"태양계에서 고리가 있는 행성이 아닌 것은?",토성,목성,천왕성,화성,화성,"토성, 목성, 천왕성, 해왕성은 고리를 가지고 있지만 화성은 없습니다."
44,1,"전기를 생성하는 기본 입자는?",양성자,중성자,전자,쿼크,전자,"전자는 음전하를 띠며, 전류를 형성하는 기본 입자입니다."
45,1,"대기의 약 21%를 차지하는 기체는?",산소,질소,이산화탄소,아르곤,산소,"지구 대기 중 산소의 비율은 약 21%이며, 생명 유지에 필수적입니다."
46,1,"태양의 표면 온도는 약 몇 도인가?","1,500℃","5,500℃","15,000℃","50,000℃","5,500℃","태양의 표면 온도는 약 5,500℃이며, 중심부 온도는 1,500만℃에 달합니다."
47,1,"자석의 같은 극끼리는?",끌어당긴다,반발한다,무반응,"전류가 흐른다",반발한다,"자석의 같은 극은 반발하고, 다른 극은 서로 끌어당깁니다."
48,1,"초음파를 활용하는 의료 장비는?",MRI,CT,X-ray,"초음파 검사기","초음파 검사기","초음파는 고주파 음파를 사용하여 신체 내부 영상을 얻는 데 활용됩니다."
49,1,"금속이 전기를 잘 전달하는 이유는?","전자 이동이 자유로워서","분자가 강하게 결합해서","빛을 반사하기 때문","중력이 작용해서","전자 이동이 자유로워서","금속은 자유 전자가 많아 전류가 쉽게 흐릅니다."
50,1,"지구에서 가장 깊은 해양 해구는?","마리아나 해구","통가 해구","필리핀 해구","케르마덱 해구","마리아나 해구","마리아나 해구는 약 11,000m 깊이로 지구에서 가장 깊은 해양 해구입니다."
101,2,"고려의 수도는 어디인가요?",개성,서울,평양,개천,개성,"고려의 수도는 개성입니다."
102,2,"한국 전쟁은 어떤 연도에 발생했나요?",1945년,1950년,1949년,1955년,1950년,"한국 전쟁은 1950년에 발생했습니다."
103,2,"조선 왕조의 창건자는 누구인가요?",세종대왕,태조,정조,광해군,태조,"조선 왕조의 창건자는 태조 이성계입니다."
104,2,"일본의 메이지 유신은 어느 시대에 일어났나요?",19세기,20세기,18세기,17세기,19세기,"메이지 유신은 19세기 후반에 발생했습니다."
105,2,"삼국 시대의 마지막 왕국은 무엇인가요?",고구려,백제,신라,"고구려와 백제",신라,"삼국 시대의 마지막 왕국은 신라입니다."
106,2,"한일 합방은 어떤 연도에 이루어졌나요?",1900년,1910년,1895년,1920년,1910년,"한일 합방은 1910년에 이루어졌습니다."
107,2,"한국의 첫 번째 대통령은 누구인가요?",이승만,박정희,김대중,노무현,이승만,"한국의 첫 번째 대통령은 이승만입니다."
108,2,"광복절은 어떤 날짜에 기념하나요?","8월 15일","9월 1일","7월 4일","10월 3일","8월 15일","광복절은 8월 15일에 기념합니다."
109,2,"조선의 제일 큰 전투인 한산도 대첩은 언제 일어났나요?",1592년,1598년,1570년,1555년,1592년,"한산도 대첩은 1592년에 일어났습니다."
110,2,"조선 왕조의 마지막 왕은 누구인가요?",순종,영조,세종대왕,정조,순종,"조선 왕조의 마지막 왕은 순종입니다."
111,2,"한국의 근대화 정책을 추진한 인물은 누구인가요?",이승만,김구,박정희,고종,고종,"고종은 한국의 근대화 정책을 추진했습니다."
112,2,"이순신 장군은 어느 나라와의 전쟁에서 유명한가요?",중국,일본,몽골,러시아,일본,"이순신 장군은 일본과의 전쟁에서 유명합니다."
113,2,"서울의 옛 이름은 무엇인가요?",한양,경주,개성,부산,한양,"서울의 옛 이름은 한양입니다."
114,2,"고구려를 창건한 사람은 누구인가요?",왕건,태조,동명성왕,고주몽,고주몽,"고구려를 창건한 사람은 고주몽입니다."
115,2,"한국의 최초의 여성 대통령은 누구인가요?",박정희,김영삼,이명박,박근혜,박근혜,"한국의 최초의 여성 대통령은 박근혜입니다."
116,2,"대한민국의 헌법은 몇 번 개정되었나요?",5번,9번,10번,7번,9번,"대한민국의 헌법은 9번 개정되었습니다."
117,2,"동학농민운동은 언제 일어났나요?",1866년,1894년,1905년,1910년,1894년,"동학농민운동은 1894년에 일어났습니다."
118,2,"한국 최초의 현대식 병원은 어디에 설립되었나요?",서울,부산,광주,인천,서울,"한국 최초의 현대식 병원은 서울에 설립되었습니다."
119,2,"광주 민주화 운동은 어떤 연도에 일어났나요?",1975년,1980년,1985년,1979년,1980년,"광주 민주화 운동은 1980년에 일어났습니다."
120,2,"고려의 국호는 언제 변경되었나요?",960년,918년,980년,1020년,918년,"고려의 국호는 918년에 변경되었습니다."
121,2,"대한민국의 독립운동가 중 "임시정부"를 세운 사람은 누구인가요?",이승만,김구,손병희,유관순,김구,"김구는 대한민국 임시정부를 세운 인물입니다."
122,2,"세계 2차 대전의 발발 연도는 언제인가요?",1941년,1939년,1945년,1942년,1939년,"세계 2차 대전은 1939년에 발발했습니다."
123,2,"일제 강점기 때 한국에 설치된 최초의 일본식 교육 기관은 무엇인가요?",한일학교,동양학교,정신학교,보통학교,보통학교,"일제 강점기 때 일본식 교육기관은 보통학교입니다."
124,2,"조선 후기 정치 개혁을 시도한 인물은 누구인가요?",정조,세종대왕,문종,태조,정조,"조선 후기 정치 개혁을 시도한 인물은 정조입니다."
125,2,"한반도의 초기 왕국 중 고조선은 어느 지역을 중심으로 존재했나요?",경상도,전라도,강원도,평양,평양,"고조선은 평양을 중심으로 존재했습니다."
126,2,"한국 역사상 최초로 해외에서 대한민국 정부를 수립한 인물은 누구인가요?",김구,이승만,김대중,박정희,이승만,"이승만은 대한민국 임시정부를 수립한 인물입니다."
127,2,"일본의 메이지 유신에 의해 시작된 변화의 중심은 무엇이었나요?","군주제 폐지",산업화,"교육 개혁","군대 강화",산업화,"메이지 유신은 일본의 산업화를 중심으로 이루어졌습니다."
128,2,"광복 후 한국의 분단을 초래한 사건은 무엇인가요?","제2차 세계대전",한국전쟁,독립운동,한일합방,"제2차 세계대전","제2차 세계대전의 끝난 후 한국은 분단되었습니다."
129,2,"한국의 독립운동을 대표하는 인물 중 한 명인 "백범"은 누구인가요?",이승만,김구,박정희,정약용,김구,"백범 김구는 한국의 독립운동을 대표하는 인물입니다."
130,2,"삼국 시대, 신라의 중요한 왕은 누구인가요?",세종,문무,진흥,유신,진흥,"진흥왕은 신라의 중요한 왕 중 한 명입니다."
131,2,"한국에서 전통적인 서민 문화가 꽃피운 시대는 언제인가요?",고려시대,조선시대,삼국시대,백제시대,조선시대,"조선시대는 서민 문화가 꽃피운 시대입니다."
132,2,"임진왜란을 일으킨 일본의 장군은 누구인가요?","도요토미 히데요시","오다 노부나가","시미즈 도쿠마","토요토미 히로시","도요토미 히데요시","임진왜란을 일으킨 일본의 장군은 도요토미 히데요시입니다."
133,2,"고대 중국에서 "삼국지"의 주인공인 왕은 누구인가요?",조조,손권,유비,상해,유비,"삼국지의 주인공은 유비입니다."
134,2,"한국의 고대 왕국 중 가장 오래된 나라는 무엇인가요?",고구려,백제,신라,가야,고구려,"고구려는 한국의 가장 오래된 고대 왕국입니다."
135,2,"한반도의 삼국은 무엇인가요?","고구려, 백제, 신라","고구려, 백제, 가야","백제, 신라, 고려","고구려, 신라, 고창","고구려, 백제, 신라","한반도의 삼국은 고구려, 백제, 신라입니다."
136,2,"고구려의 왕 중 유명한 왕은 누구인가요?",광개토대왕,동명성왕,주몽,을지문덕,광개토대왕,"광개토대왕은 고구려의 유명한 왕입니다."
137,2,"조선 왕조에서 가장 유명한 왕은 누구인가요?",세종대왕,정조,태조,영조,세종대왕,"세종대왕은 조선 왕조에서 가장 유명한 왕입니다."
138,2,"고려의 대표적인 문화유산은 무엇인가요?",고인돌,청동기,불상,팔만대장경,팔만대장경,"고려의 대표적인 문화유산은 팔만대장경입니다."
139,2,"고려시대의 유명한 문학 작품은 무엇인가요?",삼국유사,춘향전,홍길동전,일본서기,삼국유사,"고려시대의 유명한 문학 작품은 삼국유사입니다."
140,2,"한국에서 최초로 철도를 만든 시기는 언제인가요?",1880년대,1890년대,1900년대,1910년대,1890년대,"한국에서 최초로 철도를 만든 시기는 1890년대입니다."
141,2,"한국 전쟁에서 가장 큰 전투는 무엇인가요?",인천상륙작전,"낙동강 전투","서울 전투","철의 삼각지대",인천상륙작전,"인천상륙작전은 한국 전쟁에서 가장 큰 전투였습니다."
142,2,"1948년에 제정된 대한민국의 첫 번째 헌법의 제정 연도는 언제인가요?",1945년,1948년,1950년,1960년,1948년,"1948년에 대한민국의 첫 번째 헌법이 제정되었습니다."
143,2,"한국 역사상 처음으로 전 세계적으로 전파된 문학 작품은 무엇인가요?",홍길동전,춘향전,삼국유사,조선왕조실록,홍길동전,"홍길동전은 한국 역사상 처음으로 전 세계적으로 전파된 문학 작품입니다."
144,2,"한국의 고대 왕국 중에서 가장 큰 영역을 차지한 나라는 무엇인가요?",고구려,신라,백제,가야,고구려,"고구려는 가장 큰 영역을 차지한 고대 왕국입니다."
145,2,"한일 전쟁에서 한국을 침략한 나라는 어느 나라인가요?",중국,몽골,일본,러시아,일본,"한일 전쟁은 일본이 한국을 침략한 전쟁입니다."
146,2,"한국에서 최초의 유학자는 누구인가요?",공자,맹자,소크라테스,한비자,공자,"한국에서 최초의 유학자는 공자입니다."
147,2,"고려의 문화유산 중 세계적으로 인정받은 것은 무엇인가요?",팔만대장경,고인돌,불상,"경주 유적",팔만대장경,"팔만대장경은 세계문화유산으로 인정받았습니다."
148,2,"신라의 대표적인 고분은 무엇인가요?",천마총,구지봉,무령왕릉,고분군,천마총,"천마총은 신라의 대표적인 고분입니다."
149,2,"한국에서 대표적인 도자기 문화가 꽃피운 시기는 언제인가요?",조선시대,고려시대,삼국시대,백제시대,고려시대,"고려시대에 도자기 문화가 꽃피웠습니다."
150,2,"한국에서 최초로 실시된 대학교 입학시험은 언제였나요?",1900년대,1930년대,1950년대,1970년대,1930년대,"한국에서 최초로 대학교 입학시험이 실시된 시기는 1930년대입니다."
201,3,"“그는 내가 좋아하는 노래를 부르다 말고 끊었다”에서 올바른 맞춤법은?","부르다 말고","부르다가 말고","부르며 말고","부르다 끊었다","부르다가 말고","“부르다가 말고”가 맞는 표현이다. 동사나 형용사 뒤에 “-다가 말고”를 붙여야 한다."
202,3,"“내일 시험을 보다가 말고 다른 일을 하기로 했다”에서 올바른 맞춤법은?","보다가 말고","보다가 말고","보며 말고","보기 말고","보다가 말고","“-다가 말고”가 맞는 표현으로, 동작을 중단한 상태를 나타낸다."
203,3,"“그녀는 책을 읽다 말고 나갔다”에서 올바른 맞춤법은?","읽다 말고","읽다 갔다","읽다 나갔다","읽다가 말고","읽다가 말고","“읽다가 말고”가 올바른 표현이다. “-다가 말고” 형태를 사용해야 한다."
204,3,"“나는 일을 하다 말고 쉬었다”에서 올바른 맞춤법은?","일하다 말고","일하다가 말고","일하고 말고","일하다가 쉬었다","일하다가 말고","“일하다가 말고”가 맞는 표현으로, 동작이 중단됨을 의미한다."
205,3,"“그는 영화를 보다 말고 잠들었다”에서 올바른 맞춤법은?","보다 말고","보다가 말고","보며 말고","보기 말고","보다가 말고","“보다가 말고”가 맞는 표현이다. 동작이 중단될 때 “-다가 말고”를 사용한다."
206,3,"“그는 책을 읽다 말고 잠을 잤다”에서 올바른 맞춤법은?","읽다 말고","읽다 갔다","읽다 말고 자다","읽다 말았고","읽다가 말고","“읽다가 말고”가 맞는 표현이다. “-다가 말고” 형태를 유지해야 한다."
207,3,"“나는 가끔 영화를 보다 말고 친구를 만난다”에서 올바른 맞춤법은?","영화를 보다 말고","영화보다 말고","영화보다 말았고","영화를 보다가 말고","영화를 보다가 말고","“보다가 말고”가 맞는 표현이다. 동작이 중단됨을 의미한다."
208,3,"“그는 운동을 하다 말고 뛰어갔다”에서 올바른 맞춤법은?","운동하다 말고","운동하다가 말고","운동하며 말고","운동하다가 말고","운동하다가 말고","“운동하다가 말고”가 맞는 표현이다."
209,3,"“나는 친구와 함께 영화를 보다 말고 집에 갔다”에서 올바른 맞춤법은?","보다 말고","보다가 말고","보면서 말고","보기 말고","보다가 말고","“-다가 말고” 형태가 맞는 표현이다."
210,3,"“그녀는 일을 하다가 말고 쉬었다”에서 올바른 맞춤법은?","일하다 말고","일하다가 말고","일하다 말고 쉬었다","일하다 쉬었다","일하다가 말고","“-다가 말고”가 맞는 표현이다."
211,3,"“그는 자주 놀다가 말고 공부를 한다”에서 올바른 맞춤법은?","놀다 말고","놀다가 말고","놀다 말았고","놀고 말고","놀다가 말고","“-다가 말고” 형태를 유지해야 한다."
212,3,"“그녀는 수업을 듣다가 말고 화장실에 갔다”에서 올바른 맞춤법은?","듣다 말고","듣다가 말고","듣다 말았고","듣다가 갔다","듣다가 말고","“듣다가 말고”가 맞는 표현이다."
213,3,"“그는 자주 여행을 가다가 말고 공부를 했다”에서 올바른 맞춤법은?","가다 말고","가다가 말고","가며 말고","갔다가 말고","가다가 말고","“-다가 말고” 형태가 맞다."
214,3,"“그녀는 놀다가 말고 공부를 한다”에서 올바른 맞춤법은?","놀다 말고","놀다가 말고","놀다 말았고","놀고 말고","놀다가 말고","“-다가 말고” 형태가 맞다."
215,3,"“그는 전화를 받다가 말고 끊었다”에서 올바른 맞춤법은?","받다 말고","받다가 말고","받다 말았고","받다 말다","받다가 말고","“받다가 말고”가 맞는 표현이다."
216,3,"“나는 시험을 보다가 말고 다른 사람과 이야기했다”에서 올바른 맞춤법은?","보다가 말고","보다 말고","보며 말고","보기 말고","보다가 말고","“-다가 말고”가 맞는 표현이다."
217,3,"“그는 일을 하다가 말고 잠시 쉬었다”에서 올바른 맞춤법은?","일하다 말고","일하다가 말고","일하다 쉬었다","일하다 말았다","일하다가 말고","“-다가 말고”가 맞는 표현이다."
218,3,"“그녀는 길을 가다가 말고 사람을 만났다”에서 올바른 맞춤법은?","가다 말고","가다가 말고","가며 말고","갔다가 말고","가다가 말고","“-다가 말고” 형태가 맞다."
219,3,"“그는 운동을 하다가 말고 책을 읽었다”에서 올바른 맞춤법은?","운동하다 말고","운동하다가 말고","운동하며 말고","운동하다 쉬었다","운동하다가 말고","“-다가 말고” 형태가 맞다."
220,3,"“그녀는 책을 읽다가 말고 노래를 불렀다”에서 올바른 맞춤법은?","읽다 말고","읽다가 말고","읽다 말았고","읽다 부르다","읽다가 말고","“-다가 말고” 형태가 맞다."
221,3,"“그는 발표를 하다가 말고 멈췄다”에서 올바른 맞춤법은?","하다 말고","하다가 말고","하며 말고","한 후 말고","하다가 말고","‘하다가 말고’가 올바른 표현이다. ‘하다가’는 동작이 중간에 멈추는 것을 의미하며, ‘말고’는 다른 행동을 한다는 뜻이다."
222,3,"“나는 운동을 하다가 말고 쉬었다”에서 올바른 맞춤법은?","하다 말고","하며 말고","하다가 말고","한 후 말고","하다가 말고","운동을 하던 중에 멈추고 다른 행동(쉬었다)을 했으므로 ‘하다가 말고’가 맞다."
223,3,"“그녀는 편지를 쓰다가 말고 울었다”에서 올바른 맞춤법은?","쓰며 말고","쓰다가 말고","쓰다 말고","쓴 후 말고","쓰다가 말고","‘쓰다가’는 동작이 중단됨을 나타내므로, ‘쓰다가 말고’가 올바른 표현이다."
224,3,"“그는 TV를 보다가 말고 나갔다”에서 올바른 맞춤법은?","보다가 말고","보며 말고","본 후 말고","보다 말고","보다가 말고","TV를 보던 중에 멈추고 다른 행동(나갔다)을 했으므로 ‘보다가 말고’가 맞다."
225,3,"“나는 공부를 하다가 말고 전화를 받았다”에서 올바른 맞춤법은?","하다 말고","한 후 말고","하며 말고","하다가 말고","하다가 말고","공부를 하던 중에 멈추고 전화를 받았으므로 ‘하다가 말고’가 올바르다."
226,3,"“그녀는 요리를 하다가 말고 밖으로 나갔다”에서 올바른 맞춤법은?","한 후 말고","하다가 말고","하며 말고","하다 말고","하다가 말고","요리를 하던 중에 멈추고 다른 행동(나갔다)을 했으므로 ‘하다가 말고’가 맞다."
227,3,"“그는 책을 읽다가 말고 창밖을 바라보았다”에서 올바른 맞춤법은?","읽다 말고","읽으며 말고","읽다가 말고","읽은 후 말고","읽다가 말고","책을 읽던 중에 멈추고 창밖을 바라보았으므로 ‘읽다가 말고’가 맞다."
228,3,"“나는 영화를 보다가 말고 잠이 들었다”에서 올바른 맞춤법은?","보며 말고","보다가 말고","본 후 말고","보다 말고","보다가 말고","영화를 보다 중단하고 잠이 들었으므로 ‘보다가 말고’가 맞다."
229,3,"“그녀는 가방을 싸다가 말고 전화를 받았다”에서 올바른 맞춤법은?","싸다 말고","싸며 말고","싸다가 말고","싼 후 말고","싸다가 말고","가방을 싸던 중에 멈추고 전화를 받았으므로 ‘싸다가 말고’가 맞다."
230,3,"“그는 운동을 하다가 말고 친구를 만났다”에서 올바른 맞춤법은?","하다가 말고","하며 말고","한 후 말고","하다 말고","하다가 말고","운동을 하던 중에 멈추고 친구를 만났으므로 ‘하다가 말고’가 맞다."
231,3,"“나는 숙제를 하다가 말고 TV를 켰다”에서 올바른 맞춤법은?","하다가 말고","하며 말고","하다 말고","한 후 말고","하다가 말고","숙제를 하던 중에 멈추고 TV를 켰으므로 ‘하다가 말고’가 맞다."
232,3,"“그녀는 그림을 그리다가 말고 창문을 열었다”에서 올바른 맞춤법은?","그리다 말고","그리다가 말고","그리며 말고","그린 후 말고","그리다가 말고","그림을 그리던 중에 멈추고 창문을 열었으므로 ‘그리다가 말고’가 맞다."
233,3,"“그는 노래를 부르다가 말고 갑자기 춤을 췄다”에서 올바른 맞춤법은?","부르다 말고","부르다가 말고","부르며 말고","부른 후 말고","부르다가 말고","노래를 부르던 중에 멈추고 춤을 췄으므로 ‘부르다가 말고’가 맞다."
234,3,"“나는 신문을 읽다가 말고 뉴스를 틀었다”에서 올바른 맞춤법은?","읽다 말고","읽다가 말고","읽으며 말고","읽은 후 말고","읽다가 말고","신문을 읽던 중에 멈추고 뉴스를 틀었으므로 ‘읽다가 말고’가 맞다."
235,3,"“그녀는 글을 쓰다가 말고 물을 마셨다”에서 올바른 맞춤법은?","쓰다 말고","쓰며 말고","쓰다가 말고","쓴 후 말고","쓰다가 말고","글을 쓰던 중에 멈추고 물을 마셨으므로 ‘쓰다가 말고’가 맞다."
236,3,"“나는 친구와 이야기를 하다가 말고 밖으로 나갔다”에서 올바른 맞춤법은?","하다 말고","하며 말고","하다가 말고","한 후 말고","하다가 말고","이야기를 하던 중에 멈추고 밖으로 나갔으므로 ‘하다가 말고’가 맞다."
237,3,"“그는 영화를 보다가 말고 메시지를 확인했다”에서 올바른 맞춤법은?","보다 말고","보다가 말고","보며 말고","본 후 말고","보다가 말고","영화를 보던 중에 멈추고 메시지를 확인했으므로 ‘보다가 말고’가 맞다."
238,3,"“나는 공부를 하다가 말고 잠시 산책을 했다”에서 올바른 맞춤법은?","하다 말고","하다가 말고","하며 말고","한 후 말고","하다가 말고","공부를 하던 중에 멈추고 산책을 했으므로 ‘하다가 말고’가 맞다."
239,3,"“그녀는 편지를 쓰다가 말고 눈물을 흘렸다”에서 올바른 맞춤법은?","쓰며 말고","쓰다가 말고","쓰다 말고","쓴 후 말고","쓰다가 말고","편지를 쓰던 중에 멈추고 눈물을 흘렸으므로 ‘쓰다가 말고’가 맞다."
240,3,"“나는 음악을 듣다가 말고 창밖을 내다보았다”에서 올바른 맞춤법은?","듣다 말고","듣다가 말고","듣으며 말고","들은 후 말고","듣다가 말고","음악을 듣던 중에 멈추고 창밖을 내다보았으므로 ‘듣다가 말고’가 맞다."
241,3,"“그는 밥을 먹다가 말고 전화를 받았다”에서 올바른 맞춤법은?","먹다 말고","먹으며 말고","먹다가 말고","먹은 후 말고","먹다가 말고","밥을 먹던 중에 멈추고 전화를 받았으므로 ‘먹다가 말고’가 맞다."
242,3,"“나는 영화를 보다가 말고 화장실에 갔다”에서 올바른 맞춤법은?","보다 말고","보다가 말고","보며 말고","본 후 말고","보다가 말고","영화를 보던 중에 멈추고 화장실에 갔으므로 ‘보다가 말고’가 맞다."
243,3,"“그녀는 운동을 하다가 말고 스트레칭을 했다”에서 올바른 맞춤법은?","하다 말고","하다가 말고","하며 말고","한 후 말고","하다가 말고","운동을 하던 중에 멈추고 스트레칭을 했으므로 ‘하다가 말고’가 맞다."
244,3,"“그는 길을 가다가 말고 커피를 샀다”에서 올바른 맞춤법은?","가다 말고","가다가 말고","가며 말고","간 후 말고","가다가 말고","길을 가던 중에 멈추고 커피를 샀으므로 ‘가다가 말고’가 맞다."
245,3,"“나는 편지를 읽다가 말고 생각에 잠겼다”에서 올바른 맞춤법은?","읽다 말고","읽으며 말고","읽다가 말고","읽은 후 말고","읽다가 말고","편지를 읽던 중에 멈추고 생각에 잠겼으므로 ‘읽다가 말고’가 맞다."
246,3,"“그녀는 춤을 추다가 말고 갑자기 멈췄다”에서 올바른 맞춤법은?","추다 말고","추다가 말고","추며 말고","춘 후 말고","추다가 말고","춤을 추던 중에 멈추었으므로 ‘추다가 말고’가 맞다."
247,3,"“나는 보고서를 쓰다가 말고 전화 통화를 했다”에서 올바른 맞춤법은?","쓰다 말고","쓰다가 말고","쓰며 말고","쓴 후 말고","쓰다가 말고","보고서를 쓰던 중에 멈추고 전화 통화를 했으므로 ‘쓰다가 말고’가 맞다."
248,3,"“그는 노래를 듣다가 말고 친구에게 전화를 걸었다”에서 올바른 맞춤법은?","듣다 말고","듣다가 말고","듣으며 말고","들은 후 말고","듣다가 말고","노래를 듣던 중에 멈추고 전화를 걸었으므로 ‘듣다가 말고’가 맞다."
249,3,"“그녀는 수업을 듣다가 말고 필기를 시작했다”에서 올바른 맞춤법은?","듣다 말고","듣다가 말고","듣으며 말고","들은 후 말고","듣다가 말고","수업을 듣던 중에 멈추고 필기를 시작했으므로 ‘듣다가 말고’가 맞다."
250,3,"“나는 사진을 찍다가 말고 동영상을 촬영했다”에서 올바른 맞춤법은?","찍다 말고","찍다가 말고","찍으며 말고","찍은 후 말고","찍다가 말고","사진을 찍던 중에 멈추고 동영상을 촬영했으므로 ‘찍다가 말고’가 맞다."
301,4,"눈앞의 이익에만 급급하여 장기적인 계획을 세우지 못하는 사람을 의미하는 사자성어는?",초록불,일석이조,단기지계,당랑거철,단기지계,"단기지계는 "단기적이고 미비한 계획"을 의미하며, 장기적인 비전을 갖지 못한 사람을 지칭하는 사자성어입니다."
302,4,"눈치가 빠르고 상황에 맞게 처세하는 능력이 뛰어난 사람을 의미하는 사자성어는?",인생무상,회자정리,화룡점정,사필귀정,회자정리,"회자정리는 "말이 돌아오는 것처럼, 상황에 맞게 처세하는 것"을 의미하는 사자성어입니다."
303,4,"철저하게 준비하여 성공할 수 있는 기회를 얻기 위한 준비를 잘 마친 상태를 의미하는 사자성어는?",여유만만,호시탐탐,금상첨화,불철주야,호시탐탐,"호시탐탐은 "기회를 노리고 있는 상태"를 의미합니다."
304,4,"비상한 상황에 대비해 늘 준비해 놓은 상태를 의미하는 사자성어는?",각골난망,"준비된 기회",지피지기,대기만성,대기만성,"대기만성은 "긴 시간을 기다려 결국 성공한다"는 의미입니다."
305,4,"누구든지 출발할 때는 어려운 일도 시간이 지나면 해결된다는 의미를 담고 있는 사자성어는?","조급하면 실패한다",대기만성,"천리길도 한 걸음부터","사람이 먼저다",대기만성,"대기만성은 "긴 시간을 기다려 결국 성공한다"는 의미입니다."
306,4,"상대방의 약점을 공격하는 전술을 의미하는 사자성어는?","계란으로 바위치기",소탐대실,사상누각,우공이산,"계란으로 바위치기","계란으로 바위치기는 "약한 것이 강한 것에 대항하는 것"을 의미하는 사자성어입니다."
307,4,"사람이 말하는 것과 행동이 일치하지 않음을 뜻하는 사자성어는?",언행불일치,좌불안석,유유자적,허심탄회,언행불일치,"언행불일치는 "말과 행동이 일치하지 않는 상태"를 의미합니다."
308,4,"자신의 장점을 과시하며 자랑하는 것을 의미하는 사자성어는?","몽땅 바치다",이심전심,자화자찬,내로남불,자화자찬,"자화자찬은 "자신의 장점을 과시하는 것"을 의미합니다."
309,4,"그 사람의 성격이나 특징이 그 사람의 모습을 그대로 보여주는 사자성어는?","눈에 띄는 변화",기기묘묘,"이해하기 어렵다",언행불일치,언행불일치,"언행불일치는 "말과 행동이 일치하지 않는 상태"를 의미합니다."
310,4,"상황을 잘 파악하고 빠르게 대응하는 능력을 의미하는 사자성어는?",호시탐탐,순망치한,구사일생,죽마고우,호시탐탐,"호시탐탐은 "기회를 노리고 있는 상태"를 의미합니다."
311,4,"비슷한 두 가지를 구별하기 어려운 상태를 뜻하는 사자성어는?",동문서답,구사일생,막상막하,죽마고우,막상막하,"막상막하는 "차이가 없어 쉽게 구별하기 어려운 상태"를 의미합니다."
312,4,"모든 일이 잘 되어 가는 상태를 뜻하는 사자성어는?",일사천리,"천리길도 한 걸음부터",천리길,화룡점정,일사천리,"일사천리는 "모든 일이 잘 되어 가는 상태"를 의미합니다."
313,4,"말이 안 되거나 현실성이 없는 꿈을 꾼다는 의미를 담고 있는 사자성어는?",공중누각,미사여구,목표달성,호시탐탐,공중누각,"공중누각은 "실현 불가능한 계획"을 의미하는 사자성어입니다."
314,4,"스스로 생각해보지 않으면 쉽게 알 수 없는 것을 의미하는 사자성어는?","자기 합리화","궁지에 몰리다","궁지에 몰리다",자기합리화,"궁지에 몰리다","궁지에 몰리다는 "스스로 어려운 상황에 빠진 상태"를 의미합니다."
315,4,"모두가 동일한 목표를 향해 나아간다는 의미의 사자성어는?",동문서답,대기만성,군말없다,목표달성,군말없다,"군말없다는 "목표에 대해 논의 없이 바로 행동하는 상태"를 의미합니다."
316,4,"그 사람의 성격이 드러나는 모습을 뜻하는 사자성어는?",언행불일치,"사람이 먼저다","이해하기 어렵다",허심탄회,언행불일치,"언행불일치는 "말과 행동이 일치하지 않는 상태"를 의미합니다."
317,4,"자기 앞가림을 잘 하고, 어려운 일을 무사히 해결하는 사람을 의미하는 사자성어는?",목표달성,자기합리화,목표달성,극기복례,극기복례,"극기복례는 "자기 극복의 정신으로 성취를 이루는 것"을 의미합니다."
318,4,"강하고 약한 것을 비교하는 것을 의미하는 사자성어는?",호시탐탐,좌불안석,"하늘을 나는 새",풍문,호시탐탐,"호시탐탐은 "기회를 노리고 있는 상태"를 의미합니다."
319,4,"어떠한 일이 일어날 가능성에 대해 신중하게 생각하며 준비하는 것을 의미하는 사자성어는?",화룡점정,호시탐탐,순망치한,불철주야,호시탐탐,"호시탐탐은 "기회를 노리고 있는 상태"를 의미합니다."
320,4,"큰 어려움 없이 일의 진행이 순조롭게 이루어지는 상태를 뜻하는 사자성어는?",일사천리,"천리길도 한 걸음부터",동문서답,우공이산,일사천리,"일사천리는 "모든 일이 잘 되어 가는 상태"를 의미합니다."
321,4,"어려운 일을 해결하기 위해 여러 번 시도하며 포기하지 않는 상태를 의미하는 사자성어는?",호시탐탐,극기복례,꾸준히,여유만만,극기복례,"극기복례는 "자기 극복의 정신으로 성취를 이루는 것"을 의미합니다."
322,4,"자신의 잘못을 고백하고 반성하는 사자성어는?",자화자찬,자기합리화,적반하장,반성하라,자기합리화,"자기합리화는 "자신의 잘못을 고백하는 것"을 의미합니다."
323,4,"어떤 일을 함에 있어 상황을 깊이 이해하고 신중히 고려하는 태도를 의미하는 사자성어는?",철두철미,견마지로,소탐대실,선견지명,철두철미,"철두철미는 "일을 매우 철저히 해나가는 것"을 의미합니다."
324,4,"어떤 일의 방향을 잡고 목표를 달성하는 것이 중요한 상태를 의미하는 사자성어는?",순망치한,사상누각,사필귀정,대기만성,사필귀정,"사필귀정은 "모든 일이 결국 올바르게 마무리된다는 의미"를 가지고 있습니다."
325,4,"매우 어려운 상황을 극복하려는 노력을 의미하는 사자성어는?",우공이산,호시탐탐,불철주야,단기지계,우공이산,"우공이산은 "어려운 일을 꾸준히 해결하려는 노력"을 의미합니다."
326,4,"실패하거나 어려운 일을 겪고 다시 일어서는 모습을 나타내는 사자성어는?",우공이산,좌불안석,도전,고군분투,고군분투,"고군분투는 "어려운 상황에서 최선을 다해 노력하는 모습"을 의미합니다."
327,4,"이미 지나간 일을 되돌릴 수 없음을 나타내는 사자성어는?","과거로 가라",강호지책,회자정리,과유불급,과유불급,"과유불급은 "한계나 과욕은 금물"이라는 의미로 과도함은 좋지 않다는 뜻입니다."
328,4,"상황을 빠르게 파악하고 행동하는 것을 의미하는 사자성어는?",화룡점정,호시탐탐,지피지기,수범,호시탐탐,"호시탐탐은 "기회를 노리고 있는 상태"를 의미합니다."
329,4,"무리한 일을 하지 않고 지나치게 안전한 선택을 하는 상태를 의미하는 사자성어는?",구사일생,자화자찬,안전판,사상누각,안전판,"안전판은 "위험을 피하려 지나치게 안전하게만 선택하는 상태"를 의미합니다."
330,4,"어려운 상황에서도 끝까지 포기하지 않고 끈질기게 노력하는 사람을 의미하는 사자성어는?",호시탐탐,좌불안석,절차탁마,일사천리,절차탁마,"절차탁마는 "매우 어려운 상황에서 꾸준히 노력하는 것"을 의미합니다."
331,4,"유유자적한 상태로, 특별히 할 일이 없이 편하게 지내는 모습을 뜻하는 사자성어는?",유유자적,무위자연,호시탐탐,죽마고우,유유자적,"유유자적은 "특별히 할 일이 없이 편안하게 지내는 상태"를 의미합니다."
332,4,"다른 사람과의 경쟁에서 매우 뛰어난 성과를 내는 사람을 의미하는 사자성어는?",고군분투,일사천리,수훈갑,백전백승,백전백승,"백전백승은 "모든 경쟁에서 승리하는 상태"를 의미합니다."
333,4,"원하는 것을 얻기 위해서 노력하는 자세를 뜻하는 사자성어는?",구사일생,성공기회,"불굴의 의지",불철주야,불철주야,"불철주야는 "어떠한 일이든 끊임없이 노력하는 것"을 의미합니다."
334,4,"너무 쉬운 일에 지나치게 많은 시간을 투자하는 것을 의미하는 사자성어는?",소탐대실,여유만만,선견지명,"천리길도 한 걸음부터",소탐대실,"소탐대실은 "작은 것을 너무 아끼려다가 큰 것을 잃는 상황"을 의미합니다."
335,4,"자기 이익을 위해서 다른 사람을 속이거나 이용하는 행동을 뜻하는 사자성어는?",배은망덕,사기성,독배,"등잔 밑이 어둡다",배은망덕,"배은망덕은 "남에게 은혜를 입고도 그 은혜를 저버리는 행동"을 의미합니다."
336,4,"자기 자신의 힘으로 일을 처리하고 그 결과를 책임지는 태도를 의미하는 사자성어는?",자기합리화,일사천리,자업자득,목표달성,자업자득,"자업자득은 "자기 자신의 행동에 대한 결과를 책임지는 상태"를 의미합니다."
337,4,"큰 일을 맡아서 처리하고 있는 상태를 의미하는 사자성어는?",자기합리화,한계돌파,"한 치의 오차도 없다",절차탁마,절차탁마,"절차탁마는 "매우 어려운 상황에서 꾸준히 노력하는 것"을 의미합니다."
338,4,"어떠한 일이 잘못되거나 실패했을 때, 그 원인을 다른 사람에게 돌리는 태도를 의미하는 사자성어는?",사기성,책임회피,적반하장,자화자찬,적반하장,"적반하장은 "자신의 잘못을 인정하지 않고 남에게 돌리는 태도"를 의미합니다."
339,4,"현재의 어려움 속에서도 결국에는 이길 것이라는 믿음을 가지고 힘을 내는 태도를 의미하는 사자성어는?",호시탐탐,절차탁마,"물리적 저항",대기만성,대기만성,"대기만성은 "긴 시간 동안 준비하여 결국 성공을 이루는 것"을 의미합니다."
340,4,"큰 계획을 세우고 그것을 실천하려는 의지를 의미하는 사자성어는?",대기만성,"시작이 반이다",백전백승,"꾸준히 나아가라",대기만성,"대기만성은 "긴 시간 동안 준비하여 결국 성공을 이루는 것"을 의미합니다."
341,4,"무엇이든 처음 시작할 때 매우 어려운 점을 의미하는 사자성어는?",일사천리,"천리길도 한 걸음부터",화룡점정,"일단 시작이 중요하다","천리길도 한 걸음부터","천리길도 한 걸음부터는 "긴 여정도 첫걸음부터 시작된다"는 뜻으로, 시작이 중요함을 의미합니다."
342,4,"진실로 중요하고 근본적인 것을 추구하려는 태도를 의미하는 사자성어는?","근본부터 시작하다",유유자적,소탐대실,"중요한 것을 추구하다",소탐대실,"소탐대실은 "작은 것에 집착하다가 큰 것을 놓치는 상황"을 의미합니다."
343,4,"꾸준히 수련하거나 노력해서 잘 해내는 모습을 의미하는 사자성어는?",죽마고우,오상고금,선견지명,철두철미,철두철미,"철두철미는 "일을 매우 철저히 해나가는 것"을 의미합니다."
344,4,"복잡한 문제를 단순화하여 해결할 때 쓰는 사자성어는?",정확하게,일사천리,대기만성,"천리길도 한 걸음부터",일사천리,"일사천리는 "일이 매우 순조롭게 진행되는 상태"를 의미합니다."
345,4,"무엇을 시작할 때 끝을 미리 알 수 없다는 점을 강조하는 사자성어는?",선견지명,"시작이 반이다",반성하라,부지런히,"시작이 반이다","시작이 반이다는 "무엇이든 시작이 중요하다"는 의미입니다."
346,4,"자신의 위치나 상황을 잘 파악하고 그에 맞는 행동을 하는 것을 의미하는 사자성어는?",지피지기,선견지명,경거망동,절차탁마,지피지기,"지피지기는 "자신과 상황을 잘 파악하여 행동하는 것"을 의미합니다."
347,4,"비유적으로 어려운 상황을 고통 없이 해결하는 방법을 의미하는 사자성어는?","천리길도 한 걸음부터",사필귀정,"조급함은 실패의 원인",한발자국씩,사필귀정,"사필귀정은 "모든 일이 결국 올바르게 마무리된다는 의미"를 가지고 있습니다."
348,4,"잘못된 일이나 실수를 바로잡아 나가는 태도를 의미하는 사자성어는?",자기합리화,"시작이 반이다",자화자찬,자기성찰,자기성찰,"자기성찰은 "자신을 돌아보며 잘못을 고치는 것"을 의미합니다."
349,4,"어려운 상황에서도 최선을 다하고 나서 기다리는 상태를 의미하는 사자성어는?",대기만성,불철주야,백전백승,호시탐탐,불철주야,"불철주야는 "어떠한 일이든 끊임없이 노력하는 것"을 의미합니다."
350,4,"결국에는 모든 일이 잘 풀리고 이루어진다는 의미를 담고 있는 사자성어는?",사필귀정,"천리길도 한 걸음부터",순망치한,불철주야,사필귀정,"사필귀정은 "모든 일이 결국 올바르게 마무리된다는 의미"를 가지고 있습니다."
401,5,"한국의 수도는?",서울,부산,대구,광주,서울,"서울은 대한민국의 수도로, 정치, 경제, 문화의 중심지입니다."
402,5,"일본의 수도는?",서울,도쿄,오사카,교토,도쿄,"도쿄는 일본의 수도로, 일본의 정치와 경제의 중심지입니다."
403,5,"프랑스의 수도는?",파리,마르세유,리옹,도빌,파리,"파리는 프랑스의 수도이자, 세계적인 문화와 예술의 중심지입니다."
404,5,"영국의 수도는?",런던,맨체스터,리버풀,버밍엄,런던,"런던은 영국의 수도이며, 세계적인 금융 및 문화의 중심입니다."
405,5,"미국의 수도는?",뉴욕,"워싱턴 D.C.",로스앤젤레스,시카고,"워싱턴 D.C.","워싱턴 D.C.는 미국의 수도로, 미국 정부의 중심지입니다."
406,5,"독일의 수도는?",베를린,프랑크푸르트,뮌헨,함부르크,베를린,"베를린은 독일의 수도이자, 정치, 문화, 역사적 중심지입니다."
407,5,"중국의 수도는?",베이징,상하이,광저우,홍콩,베이징,"베이징은 중국의 수도로, 중국의 정치, 경제의 중심지입니다."
408,5,"이탈리아의 수도는?",로마,밀라노,베네치아,피렌체,로마,"로마는 이탈리아의 수도이자, 역사적 유산이 풍부한 도시입니다."
409,5,"스페인의 수도는?",마드리드,바르셀로나,세비야,발렌시아,마드리드,"마드리드는 스페인의 수도로, 문화와 예술의 중심지입니다."
410,5,"캐나다의 수도는?",토론토,몬트리올,밴쿠버,오타와,오타와,"오타와는 캐나다의 수도로, 정부의 중심지입니다."
411,5,"호주의 수도는?",시드니,멜버른,캔버라,브리즈번,캔버라,"캔버라는 호주의 수도로, 정치적 중심지입니다."
412,5,"러시아의 수도는?",상트페테르부르크,모스크바,노브고로드,예카테린부르크,모스크바,"모스크바는 러시아의 수도이며, 역사적, 정치적 중심지입니다."
413,5,"브라질의 수도는?",상파울로,리우데자네이루,브라질리아,포르탈레자,브라질리아,"브라질리아는 브라질의 수도로, 1960년에 새로운 수도로 지정되었습니다."
414,5,"멕시코의 수도는?",멕시코시티,몬테레이,과달라하라,칸쿤,멕시코시티,"멕시코시티는 멕시코의 수도로, 정치, 문화의 중심지입니다."
415,5,"이집트의 수도는?",카이로,알렉산드리아,기자,루크소르,카이로,"카이로는 이집트의 수도이며, 역사적 유적과 문화의 중심지입니다."
416,5,"아르헨티나의 수도는?",부에노스아이레스,로사리오,코르도바,멘도사,부에노스아이레스,"부에노스아이레스는 아르헨티나의 수도이자, 경제와 문화의 중심지입니다."
417,5,"대한민국의 수도는?",서울,부산,대구,광주,서울,"서울은 대한민국의 수도이며, 정치, 경제, 문화의 중심지입니다."
418,5,"터키의 수도는?",이스탄불,안카라,이스탄불,알라냐,안카라,"안카라는 터키의 수도로, 정치적 중심지입니다."
419,5,"사우디아라비아의 수도는?",리야드,제다,메카,메디나,리야드,"리야드는 사우디아라비아의 수도로, 정치, 경제의 중심지입니다."
420,5,"그리스의 수도는?",아테네,테살로니키,헤라클리온,라르나카,아테네,"아테네는 그리스의 수도이자, 고대 문명의 중심지입니다."
421,5,"이란의 수도는?",테헤란,이스파한,마슈하드,셰라즈,테헤란,"테헤란은 이란의 수도이며, 정치, 경제의 중심지입니다."
422,5,"영국의 수도는?",런던,맨체스터,버밍햄,글래스고,런던,"런던은 영국의 수도이며, 금융과 문화의 중심지입니다."
423,5,"프랑스의 수도는?",파리,리옹,마르세유,니스,파리,"파리는 프랑스의 수도이며, 세계적인 예술과 패션의 중심지입니다."
424,5,"이탈리아의 수도는?",로마,밀라노,베네치아,피렌체,로마,"로마는 이탈리아의 수도이며, 고대 문명의 유산이 많은 도시입니다."
425,5,"미국의 수도는?",뉴욕,"워싱턴 D.C.",로스앤젤레스,시카고,"워싱턴 D.C.","워싱턴 D.C.는 미국의 수도로, 국가 정부의 중심지입니다."
426,5,"독일의 수도는?",베를린,프랑크푸르트,뮌헨,함부르크,베를린,"베를린은 독일의 수도이며, 정치, 문화적 중심지입니다."
427,5,"중국의 수도는?",베이징,상하이,광저우,홍콩,베이징,"베이징은 중국의 수도로, 정치적 중심지입니다."
428,5,"일본의 수도는?",서울,도쿄,오사카,교토,도쿄,"도쿄는 일본의 수도로, 일본의 정치와 경제 중심지입니다."
429,5,"캐나다의 수도는?",토론토,몬트리올,밴쿠버,오타와,오타와,"오타와는 캐나다의 수도이며, 정부의 중심지입니다."
430,5,"호주의 수도는?",시드니,멜버른,캔버라,브리즈번,캔버라,"캔버라는 호주의 수도로, 정치의 중심지입니다."
431,5,"브라질의 수도는?",리우데자네이루,상파울로,브라질리아,포르탈레자,브라질리아,"브라질리아는 브라질의 수도입니다."
432,5,"아르헨티나의 수도는?",부에노스아이레스,로사리오,코르도바,멘도사,부에노스아이레스,"부에노스아이레스는 아르헨티나의 수도입니다."
433,5,"이집트의 수도는?",카이로,알렉산드리아,기자,루크소르,카이로,"카이로는 이집트의 수도입니다."
434,5,"러시아의 수도는?",상트페테르부르크,모스크바,노브고로드,예카테린부르크,모스크바,"모스크바는 러시아의 수도입니다."
435,5,"터키의 수도는?",이스탄불,안카라,이스탄불,알라냐,안카라,"안카라는 터키의 수도입니다."
436,5,"사우디아라비아의 수도는?",리야드,제다,메카,메디나,리야드,"리야드는 사우디아라비아의 수도입니다."
437,5,"그리스의 수도는?",아테네,테살로니키,헤라클리온,라르나카,아테네,"아테네는 그리스의 수도입니다."
438,5,"이란의 수도는?",테헤란,이스파한,마슈하드,셰라즈,테헤란,"테헤란은 이란의 수도입니다."
439,5,"핀란드의 수도는?",헬싱키,타르투,핀란드시티,오울루,헬싱키,"헬싱키는 핀란드의 수도입니다."
440,5,"스웨덴의 수도는?",스톡홀름,고텐버그,말뫼,헬싱키,스톡홀름,"스톡홀름은 스웨덴의 수도입니다."
441,5,"뉴질랜드의 수도는?",웰링턴,오클랜드,크라이스트처치,해밀턴,웰링턴,"웰링턴은 뉴질랜드의 수도입니다."
442,5,"네덜란드의 수도는?",암스테르담,로테르담,헤이그,에인트호번,암스테르담,"암스테르담은 네덜란드의 수도입니다."
443,5,"벨기에의 수도는?",브뤼셀,안트워프,겐트,브뤼헤,브뤼셀,"브뤼셀은 벨기에의 수도이며, 유럽연합의 중심지입니다."
444,5,"덴마크의 수도는?",코펜하겐,오르후스,올보르,알루스,코펜하겐,"코펜하겐은 덴마크의 수도입니다."
445,5,"핀란드의 수도는?",헬싱키,타르투,핀란드시티,오울루,헬싱키,"헬싱키는 핀란드의 수도입니다."
446,5,"루마니아의 수도는?",부쿠레슈티,클루지나포카,야시,시비우,부쿠레슈티,"부쿠레슈티는 루마니아의 수도입니다."
447,5,"이스라엘의 수도는?",텔아비브,예루살렘,하이파,베이르루트,예루살렘,"예루살렘은 이스라엘의 수도입니다."
448,5,"아이슬란드의 수도는?",레이캬비크,아쿠레리,호픈,레이디아르헤피르,레이캬비크,"레이캬비크는 아이슬란드의 수도입니다."
449,5,"남아프리카공화국의 수도는?",케이프타운,프리토리아,더반,요하네스버그,프리토리아,"프리토리아는 남아프리카공화국의 수도 중 하나입니다."
450,5,"몽골의 수도는?",울란바토르,다르한,에르덴트,오르혼,울란바토르,"울란바토르는 몽골의 수도입니다."
501,6,"레오나르도 다빈치가 그린 가장 유명한 초상화는?","별이 빛나는 밤",모나리자,"최후의 만찬","이카로스의 추락",모나리자,"모나리자는 다빈치의 대표작으로 신비로운 미소와 독특한 분위기로 유명합니다."
502,6,"빈센트 반 고흐의 대표적인 작품은?","아테네 학당","별이 빛나는 밤","진주 귀걸이를 한 소녀","최후의 심판","별이 빛나는 밤","고흐의 "별이 빛나는 밤"은 강렬한 색채와 독특한 붓터치가 특징입니다."
503,6,"미켈란젤로가 그린 유명한 천장화가 있는 곳은?","루브르 박물관","바티칸 시스티나 성당","에르미타주 박물관","메트로폴리탄 미술관","바티칸 시스티나 성당","시스티나 성당 천장화에는 "천지창조" 등 미켈란젤로의 걸작이 포함되어 있습니다."
504,6,"클로드 모네가 창시한 미술 사조는?",초현실주의,입체파,인상주의,바로크,인상주의,""인상, 해돋이"에서 유래한 인상주의는 빛과 색의 순간적인 변화를 포착하는 것이 특징입니다."
505,6,"파블로 피카소가 창시한 미술 사조는?",다다이즘,입체파,초현실주의,고전주의,입체파,"피카소는 입체파의 창시자로, "아비뇽의 처녀들"이 대표적인 작품입니다."
506,6,"렘브란트가 주로 그린 그림의 장르는?",초상화,풍경화,정물화,추상화,초상화,"렘브란트는 사실적인 초상화와 명암법 활용으로 유명합니다."
507,6,"스페인의 대표적인 화가로 "게르니카"를 그린 사람은?","프란시스코 고야","살바도르 달리","파블로 피카소","디에고 벨라스케스","파블로 피카소",""게르니카"는 스페인 내전 당시 게르니카가 폭격당한 사건을 그린 작품입니다."
508,6,"초현실주의 화가로 "기억의 지속"을 그린 사람은?","르네 마그리트","살바도르 달리","마르셀 뒤샹","프리다 칼로","살바도르 달리",""기억의 지속"은 녹아내리는 시계로 유명한 달리의 초현실주의 작품입니다."
509,6,"조르주 쇠라가 창시한 점묘법 기법이 사용된 작품은?",""별이 빛나는 밤"",""그랑자트 섬의 일요일 오후"",""모나리자"",""절규"",""그랑자트 섬의 일요일 오후"","조르주 쇠라는 색채를 작은 점들로 표현하는 점묘법을 개발하였습니다."
510,6,"르네상스 시대의 대표적인 조각가로 "다비드상"을 만든 사람은?",미켈란젤로,도나텔로,로댕,베르니니,미켈란젤로,"미켈란젤로는 "다비드상"과 "피에타"를 제작한 르네상스 시대의 대표적인 조각가입니다."
511,6,"앤디 워홀이 활동했던 미술 사조는?",인상주의,초현실주의,팝아트,입체파,팝아트,"앤디 워홀은 "캠벨 수프 깡통"과 "마릴린 먼로" 등의 작품을 통해 팝아트를 대표하는 화가가 되었습니다."
512,6,""비너스의 탄생"을 그린 화가는?","산드로 보티첼리","레오나르도 다빈치",라파엘로,티치아노,"산드로 보티첼리",""비너스의 탄생"은 르네상스 시대의 대표작으로, 아름다운 여신 비너스를 묘사한 작품입니다."
513,6,"프리다 칼로는 어느 나라 출신의 화가인가?",스페인,이탈리아,멕시코,독일,멕시코,"프리다 칼로는 멕시코 출신 화가로, 강렬한 색채와 자전적 요소가 담긴 작품들로 유명합니다."
514,6,"구스타프 클림트의 대표적인 작품은?",절규,키스,"별이 빛나는 밤",천지창조,키스,"구스타프 클림트의 "키스"는 황금빛 색조와 화려한 장식적인 스타일이 특징입니다."
515,6,"야수파(Fauvism)의 대표적인 화가는?","앙리 마티스","파블로 피카소","클로드 모네","빈센트 반 고흐","앙리 마티스","앙리 마티스는 강렬한 색채와 대담한 표현을 특징으로 하는 야수파의 대표적인 화가입니다."
516,6,"입체파(Cubism)를 공동 창시한 화가는?","파블로 피카소와 조르주 브라크","빈센트 반 고흐와 폴 고갱","클로드 모네와 에두아르 마네","살바도르 달리와 르네 마그리트","파블로 피카소와 조르주 브라크","입체파는 피카소와 브라크가 함께 창시한 미술 운동으로, 사물을 다양한 각도에서 표현하는 것이 특징입니다."
517,6,"로댕의 대표적인 조각 작품은?","생각하는 사람",다비드상,피에타,"영원의 문","생각하는 사람","오귀스트 로댕의 "생각하는 사람"은 철학적 깊이를 담은 대표적인 조각 작품입니다."
518,6,"에드워드 호퍼의 대표적인 작품은?","밤을 지새우는 사람들",절규,"별이 빛나는 밤","그랑자트 섬의 일요일 오후","밤을 지새우는 사람들","에드워드 호퍼의 "밤을 지새우는 사람들"은 현대 도시인의 고독을 표현한 작품입니다."
519,6,"프랑스 인상주의 화가 중 "여인의 목욕"을 그린 사람은?","에드가 드가","클로드 모네","오귀스트 르누아르","폴 세잔","에드가 드가","에드가 드가는 발레리나와 여성의 일상적인 모습을 많이 그린 화가입니다."
520,6,"이탈리아 르네상스 시대를 대표하는 건축물은?","성 베드로 대성당",에펠탑,"피사의 사탑",콜로세움,"성 베드로 대성당","성 베드로 대성당은 르네상스 건축의 대표적인 작품으로 미켈란젤로가 돔 설계를 맡았습니다."
521,6,"클로드 모네의 대표작인 "수련" 연작은 어디에서 영감을 받았는가?","자신의 정원","파리 시내",바다,"로마의 유적지","자신의 정원","모네는 프랑스 지베르니에 위치한 자신의 정원에서 수련 연작을 그렸습니다."
522,6,"19세기 후반부터 20세기 초반까지 활동한 아르누보 양식의 대표적인 화가는?","알폰스 무하","앙리 마티스","파블로 피카소","에드가 드가","알폰스 무하","체코 출신의 알폰스 무하는 화려한 곡선과 장식적인 요소가 특징인 아르누보 양식의 대표적인 화가입니다."
523,6,"네덜란드 출신으로, 기하학적 구성과 원색을 사용한 "구성" 연작을 그린 화가는?","피트 몬드리안","빈센트 반 고흐","클로드 모네","살바도르 달리","피트 몬드리안","피트 몬드리안은 기하학적인 디자인과 빨강, 노랑, 파랑 등 원색을 이용한 구성주의 작품으로 유명합니다."
524,6,"미술 작품 "절규"의 작가는?","에드바르트 뭉크","클로드 모네","빈센트 반 고흐","구스타프 클림트","에드바르트 뭉크",""절규"는 인간의 불안과 공포를 강렬한 색감과 형태로 표현한 작품입니다."
525,6,"일본 판화에서 서양 인상파 화가들에게 영향을 준 화가는?","가쓰시카 호쿠사이",히로시게,고야,"오카다 슈세이","가쓰시카 호쿠사이","호쿠사이의 "후지산 36경" 중 "가나가와의 큰 파도 아래"는 서양 화가들에게 큰 영향을 주었습니다."
526,6,""황금 비율"을 작품에 자주 사용한 화가는?","레오나르도 다빈치",미켈란젤로,"빈센트 반 고흐","파블로 피카소","레오나르도 다빈치","다빈치는 "황금비율"을 사용하여 인체와 자연의 조화를 연구했습니다."
527,6,"초현실주의 화가 르네 마그리트의 대표작은?","이미지의 배반","기억의 지속","아비뇽의 처녀들",절규,"이미지의 배반",""이미지의 배반"은 파이프 그림 아래에 "이것은 파이프가 아니다"라는 문구가 적혀 있는 작품입니다."
528,6,""별이 빛나는 밤"이 소장된 미술관은?","뉴욕 현대미술관(MoMA)","루브르 박물관","프라도 미술관","테이트 모던","뉴욕 현대미술관(MoMA)",""별이 빛나는 밤"은 뉴욕 현대미술관(MoMA)에 소장되어 있습니다."
529,6,"미술 사조 중 "자동기술법"을 중요시한 예술 운동은?",초현실주의,입체파,인상주의,야수파,초현실주의,"초현실주의는 무의식적인 표현을 강조하며, 자동기술법(오토마티즘)을 많이 사용하였습니다."
530,6,"폴 고갱이 활동했던 주요 지역은?",타히티,뉴욕,파리,도쿄,타히티,"폴 고갱은 타히티에서 원시적이고 강렬한 색채를 활용한 작품을 남겼습니다."
531,6,"입체파(Cubism)에서 "분석적 입체파"와 "종합적 입체파"를 구분한 화가는?","파블로 피카소","조르주 브라크","살바도르 달리","앙리 마티스","조르주 브라크","브라크와 피카소는 입체파를 창시했으며, 분석적 입체파와 종합적 입체파로 구분하여 발전시켰습니다."
532,6,"20세기 후반 "미니멀리즘" 미술을 대표하는 화가는?","도널드 저드","앤디 워홀","프란시스 베이컨","자크 루이 다비드","도널드 저드","도널드 저드는 단순한 형태와 색상을 사용하여 미니멀리즘 미술을 대표하는 화가입니다."
533,6,"야수파(Fauvism)에서 색채를 강조한 대표적인 화가는?","앙리 마티스","파블로 피카소","빈센트 반 고흐","에드가 드가","앙리 마티스","앙리 마티스는 원색을 강렬하게 사용하여 감정을 표현하는 야수파의 대표적인 화가입니다."
534,6,"초현실주의에서 "꿈과 무의식"을 중요시한 화가는?","살바도르 달리","르네 마그리트","호안 미로","앙드레 브르통","살바도르 달리","달리는 꿈과 무의식을 시각적으로 표현한 초현실주의의 대표적인 화가입니다."
535,6,"피카소의 "게르니카"는 어떤 사건을 바탕으로 제작되었는가?","스페인 내전","제1차 세계대전","프랑스 혁명","미국 독립전쟁","스페인 내전",""게르니카"는 스페인 내전 당시 독일 공군의 게르니카 폭격을 주제로 한 반전(反戰) 작품입니다."
536,6,"로댕의 "지옥의 문"에 포함된 유명한 조각상은?","생각하는 사람",다비드상,"비너스의 탄생","라오콘 군상","생각하는 사람",""생각하는 사람"은 원래 "지옥의 문" 조각 작품의 일부로 제작되었습니다."
537,6,""네덜란드 황금시대"의 대표적인 화가는?",렘브란트,"반 다이크",카라바조,"얀 베르메르",렘브란트,"렘브란트는 네덜란드 황금시대를 대표하는 화가로, 빛과 그림자의 극적인 효과를 활용하였습니다."
538,6,"바우하우스(Bauhaus) 미술 운동은 주로 어떤 분야에 영향을 미쳤는가?","건축과 디자인",회화,조각,판화,"건축과 디자인","바우하우스는 기능성과 단순함을 강조하며, 건축과 디자인 분야에 큰 영향을 미쳤습니다."
539,6,"몬드리안이 선호했던 주요 색상은?","빨강, 노랑, 파랑","녹색, 보라, 주황","검정, 회색, 흰색","청록, 분홍, 갈색","빨강, 노랑, 파랑","피트 몬드리안은 기하학적 구성을 활용하며 빨강, 노랑, 파랑의 삼원색을 주로 사용했습니다."
540,6,"프랑스 로코코 미술의 대표적인 화가는?","프랑수아 부셰","자크 루이 다비드","장 오귀스트 도미니크 앵그르","윌리엄 터너","프랑수아 부셰","부셰는 화려하고 장식적인 로코코 양식의 대표적인 화가입니다."
541,6,"자연주의 풍경화를 주로 그린 영국 화가는?","존 컨스터블","조슈아 레이놀즈","프란시스 베이컨","프레더릭 레이턴","존 컨스터블","존 컨스터블은 영국의 자연 풍경을 사실적으로 묘사한 화가입니다."
542,6,""모더니즘" 미술은 어느 시기에 발전했는가?","20세기 초반","19세기 중반","18세기 후반",21세기,"20세기 초반","모더니즘 미술은 전통적인 기법을 탈피하고 새로운 표현 방식을 탐구한 20세기 초반의 운동입니다."
543,6,""우키요에(浮世絵)"는 어느 나라의 미술 양식인가?",일본,중국,한국,태국,일본,"우키요에는 일본의 전통 목판화로, 가쓰시카 호쿠사이와 우타가와 히로시게가 대표적인 화가입니다."
544,6,""추상 표현주의(Abstract Expressionism)"를 대표하는 화가는?","잭슨 폴록","피에트 몬드리안","에드워드 호퍼","앙리 마티스","잭슨 폴록","잭슨 폴록은 물감을 캔버스에 흩뿌리는 "드리핑 기법"을 사용한 추상 표현주의 화가입니다."
545,6,""다다이즘(Dadaism)" 운동은 주로 무엇에 반대하는 미술 운동이었는가?","전통 예술과 권위",자연주의,"르네상스 미술","로코코 미술","전통 예술과 권위","다다이즘은 제1차 세계대전 후 전통적인 예술과 사회 질서에 반대하며 탄생한 실험적인 예술 운동입니다."
546,6,"이탈리아에서 시작된 "미래주의(Futurism)"는 어떤 주제를 강조했는가?","속도와 기계","고전 미학","자연 경관","신화와 전설","속도와 기계","미래주의는 기계 문명과 현대 도시의 속도감을 강조한 미술 운동입니다."
547,6,""인상, 해돋이"라는 작품에서 비롯된 미술 사조는?",인상주의,입체파,초현실주의,야수파,인상주의,""인상, 해돋이"는 클로드 모네의 작품으로, 인상주의 미술 운동의 시초가 되었습니다."
548,6,"미술에서 "알레고리(Allegory)"란 무엇을 의미하는가?","상징적인 표현","기하학적 구도","자연주의 기법","색채 대비 기법","상징적인 표현","알레고리는 상징을 통해 특정한 개념이나 이야기를 전달하는 미술 기법입니다."
549,6,"19세기 낭만주의 미술의 대표적인 화가는?","외젠 들라크루아","자크 루이 다비드","피터 폴 루벤스","카스파르 다비드 프리드리히","외젠 들라크루아","들라크루아는 극적인 구도와 강렬한 색채를 사용한 낭만주의 화가입니다."
550,6,""키스"라는 작품을 그린 화가는?","구스타프 클림트","프란시스코 고야","프레더릭 레이턴","에드워드 호퍼","구스타프 클림트","구스타프 클림트의 "키스"는 황금빛 색채와 화려한 장식적인 스타일이 특징입니다."
